<?xml version="1.0" encoding="utf-8"?><App xmlns="http://schemas.microsoft.com/sharepoint/2012/app/manifest" Name="hello-form-client-side-solution" ProductID="b19bf45a-301b-435e-9e30-71c7055c9a87" Version="1.0.0.0" SharePointMinVersion="16.0.0.0" IsClientSideSolution="true" SkipFeatureDeployment="true" IsDomainIsolated="false"><Properties><Title>hello-form-client-side-solution</Title><DeveloperProperties>{&quot;name&quot;:&quot;&quot;,&quot;websiteUrl&quot;:&quot;&quot;,&quot;privacyUrl&quot;:&quot;&quot;,&quot;termsOfUseUrl&quot;:&quot;&quot;,&quot;mpnId&quot;:&quot;Undefined-1.15.2&quot;}</DeveloperProperties><ShortDescription><LocalizedString CultureName="default">hello form description</LocalizedString></ShortDescription><LongDescription><LocalizedString CultureName="default">hello form description</LocalizedString></LongDescription><Screenshots></Screenshots></Properties></App>