{
  "$schema": "https://developer.microsoft.com/json-schemas/spfx-build/package-solution.schema.json",
  "solution": {
    "name": "hello-form-client-side-solution",
    "id": "b19bf45a-301b-435e-9e30-71c7055c9a87",
    "version": "1.0.0.0",
    "includeClientSideAssets": true,
    "skipFeatureDeployment": true,
    "isDomainIsolated": false,
    "developer": {
      "name": "",
      "websiteUrl": "",
      "privacyUrl": "",
      "termsOfUseUrl": "",
      "mpnId": "Undefined-1.15.2"
    },
    "metadata": {
      "shortDescription": {
        "default": "hello form description"
      },
      "longDescription": {
        "default": "hello form description"
      },
      "screenshotPaths": [],
      "videoUrl": "",
      "categories": []
    },
    "features": [
      {
        "title": "hello-form Feature",
        "description": "The feature that activates elements of the hello-form solution.",
        "id": "80e19c78-4aaf-406b-ac21-406ebf0865f1",
        "version": "1.0.0.0"
      }
    ]
  },
  "paths": {
    "zippedPackage": "solution/hello-form.sppkg"
  }
}
